Position,Position,proper motion,proper motion,,,,
Right Ascension,Declination,Right Ascension (mas/yr),Declination (mas/yr),Distance (pc),Gp,Bp,Rp
53.00664,21.989,61.52793,25.03974,48.67,14.921,16.628,13.67
53.04447,23.48921,44.04354,-24.52424,139.4,15.703,17.107,14.529
53.13114,24.48334,19.31399,30.49883,112.15,9.668,9.942,9.225
53.13743,22.30326,20.76384,-43.59654,138.77,17.068,18.921,15.782
53.17637,23.56656,20.55045,-44.62603,137.82,16.642,18.496,15.344
53.20514,26.24572,9.69569,-7.66072,164.83,15.342,16.897,14.133
53.24728,26.9661,12.1561,-12.49017,180.3,16.193,17.648,15.002
53.25165,25.99584,21.27023,-45.85666,134.24,12.616,13.277,11.838
53.27437,22.13405,22.18274,-45.97538,132.32,11.207,11.62,10.62
53.31001,24.83543,23.40976,-48.14665,125.07,16.935,18.855,15.639
53.31174,26.93322,-20.04893,-20.65142,197.04,17.242,18.853,16.022
53.3164,24.02198,50.54547,12.97856,107.29,14.883,16.286,13.72
53.32421,25.63581,3.04452,-16.02828,193.16,14.784,15.787,13.781
53.37934,22.02811,-53.17442,-66.85985,87.15,10.143,10.596,9.523
53.40848,25.33788,23.29566,-49.93317,123.4,14.886,16.386,13.69
53.455,21.51295,-14.71519,-78.66319,155.82,16.647,18.26,15.423
53.45759,22.93866,20.5996,-44.49543,138.35,17.201,18.974,15.938
53.48512,26.32754,25.76683,-24.34034,167.7,15.467,16.751,14.348
53.52025,24.44374,27.75242,-69.69688,166.33,12.228,12.739,11.562
53.53057,24.34424,21.59098,-45.05787,135.72,9.434,9.692,9.011
53.55618,25.42358,20.97173,-45.5586,136.83,16.929,18.725,15.632
53.61615,23.36848,34.55225,-10.32757,154.11,16.626,18.364,15.371
53.67525,25.91452,-86.53009,19.41898,62.58,13.74,15.23,12.55
53.69352,23.3865,43.25378,-18.17238,152.09,16.305,17.794,15.121
53.69567,26.09387,15.33182,-54.19793,182.94,16.083,16.987,14.822
53.69814,26.37028,20.75893,-45.31068,135.52,16.654,18.357,15.405
53.73983,26.6083,6.02517,4.10531,137.74,8.347,8.483,8.085
53.74721,24.20445,21.45178,-47.10639,130.13,14.545,15.739,13.461
53.79263,22.28585,76.91461,-69.0915,126.05,11.834,12.333,11.177
53.83918,23.95108,-45.56124,-46.35983,171.35,9.952,10.261,9.477
53.84337,26.2459,9.23904,-18.67312,143.15,17.084,18.079,15.659
53.84384,23.22759,67.47136,-55.35744,190.35,15.138,16.296,14.072
53.88206,26.50785,94.36067,-6.30093,99.88,11.297,11.835,10.614
53.88216,22.82338,21.39442,-45.46662,132.75,9.734,10.004,9.303
53.88367,25.56869,18.06839,-37.41318,162.67,10.523,10.842,10.038
53.90343,24.41803,3.50381,-17.81446,155.5,16.739,18.433,15.492
53.92337,21.71127,-1.97881,-14.36449,198.12,15.977,17.333,14.828
53.93454,22.45259,21.26585,-43.37203,139.81,15.706,17.191,14.519
53.93636,26.24654,-24.64387,-12.19338,196.77,16.512,17.788,15.401
53.95706,25.0799,21.31899,-43.71252,137.61,15.321,16.682,14.17
53.98363,25.36636,22.3377,-45.52738,135.88,15.154,16.508,14.006
53.99762,24.75487,54.34477,-19.66119,198.92,16.531,18.099,15.324
54.03289,24.5397,60.23654,-53.25479,186.12,11.789,12.216,11.196
54.0668,25.25559,27.43636,-56.63381,183.83,16.291,17.761,15.098
54.08113,22.84598,-6.00202,-18.75015,166.15,16.62,17.917,14.897
54.09738,23.5612,-21.48686,-25.85202,199.88,15.378,16.591,14.296
54.11411,24.68796,21.94441,-46.72746,132.04,15.973,17.619,14.741
54.11778,22.52528,3.75493,-62.28391,111.29,11.731,12.26,11.04
54.15008,22.97703,2.71082,6.3744,174.9,17.2,18.836,15.974
54.16921,21.91321,12.68284,-35.09581,180.75,14.011,14.878,13.093
54.1776,25.39343,-5.75304,30.66495,191.17,16.208,17.368,15.14
54.17857,21.33992,33.77871,-54.59688,100.89,16.412,18.268,15.128
54.19687,23.12501,37.28613,-18.22866,186.14,10.442,10.745,9.973
54.24369,26.52277,27.71511,-30.1678,198.09,10.325,10.615,9.867
54.30139,21.46795,21.39558,-45.15542,135.05,12.039,12.565,11.357
54.31764,22.80224,52.89826,-55.84803,138.85,16.546,18.095,15.343
54.32444,25.06245,23.31801,-57.52676,149.8,15.587,16.901,14.459
54.34278,24.90433,20.0119,-43.7509,139.78,16.785,18.504,15.534
54.35069,25.72212,21.76066,-46.73333,132.98,14.538,15.721,13.461
54.36004,24.56685,21.86722,-47.38561,130.13,16.483,18.184,15.224
54.40013,26.54668,20.96695,-45.68616,135.4,14.187,15.28,13.143
54.41771,24.71597,28.10142,-46.27237,120.8,15.949,17.577,14.702
54.44422,21.85225,43.21732,-21.50942,171.07,16.179,17.625,15.007
54.45778,23.66222,22.85928,-9.24058,155.35,11.909,12.351,11.303
54.46256,22.7014,25.75443,-31.48382,148.87,16.066,17.73,14.815
54.47717,26.41118,5.1769,-11.93724,197.6,16.81,18.26,15.633
54.48208,21.96424,-18.29349,-50.29601,164.77,14.804,15.96,13.735
54.4838,21.70915,7.48445,-20.78363,119.32,9.155,9.396,8.754
54.50859,24.33739,20.70237,-43.68569,138.73,16.18,17.808,14.933
54.51025,23.90966,21.55407,-44.7091,133.14,16.495,18.145,15.261
54.53675,21.24679,20.7912,-45.26782,133.65,14.159,15.206,13.136
54.57632,25.12371,69.42953,-38.32067,196.71,16.946,18.47,15.751
54.59418,22.49948,21.46851,-44.80755,135.35,9.941,10.231,9.487
54.63896,25.80131,-30.24178,-18.79135,71.88,14.27,15.446,13.194
54.64379,23.67271,20.45501,-45.04123,138.34,17.138,18.925,15.847
54.64716,26.57984,8.03894,3.58033,75.67,14.249,15.63,13.095
54.66361,23.96267,56.98884,-17.55715,131.55,16.727,18.466,15.472
54.66977,22.65941,20.15722,-45.3594,135.62,6.702,6.689,6.689
54.7032,22.57664,59.18444,-13.46941,125.91,16.487,17.758,15.138
54.72053,25.23625,22.10661,-47.3341,128.59,13.498,14.366,12.58
54.72241,25.49705,67.73116,-54.62585,145.54,16.865,18.444,15.667
54.73704,24.56962,20.16138,-43.46365,139.66,10.379,10.706,9.886
54.76464,21.42208,21.51013,-45.62664,133.34,16.8,18.659,15.518
54.81764,26.42449,21.73933,-18.45363,192.24,16.178,17.662,14.986
54.82081,25.55939,24.37985,-5.48601,151.7,10.454,10.784,9.952
54.83817,21.81909,29.64915,-29.74135,135.98,14.8,16.077,13.681
54.84346,26.19322,20.814,-46.97753,136.99,16.576,18.258,15.334
54.86597,23.8948,21.16475,-45.3476,135.34,11.305,11.758,10.692
54.88473,24.26686,19.77356,-45.54958,139.23,16.123,17.788,14.883
54.90122,26.5066,82.66407,1.51322,49.83,16.098,17.974,14.804
54.91602,25.48482,-2.23592,-41.96751,178.36,16.749,18.269,15.549
54.91858,23.45215,49.75657,-17.97264,141.3,16.481,18.142,15.239
54.93671,22.6541,20.7514,-46.50481,131.5,16.781,18.581,15.498
54.93716,24.72862,-11.70431,-0.89752,193.5,11.152,11.483,10.651
54.95722,23.05715,21.08795,-44.74821,135.54,16.829,18.634,15.547
54.97867,23.92272,-25.84691,-3.64541,147.77,17.096,18.88,15.821
55.00763,22.98878,20.59809,-67.28394,113.39,14.183,15.291,13.139
55.02926,22.64639,20.84668,-45.53023,135.11,17.148,18.993,15.852
55.0622,25.32173,21.09334,-46.22701,134.6,15.025,16.341,13.893
55.10089,24.58431,20.81555,-44.23702,137.04,15.177,16.504,14.043
55.11241,24.23714,20.5051,-45.80671,134.26,16.484,18.233,15.229
55.12993,25.1479,20.72651,-45.33856,138.69,15.709,17.479,14.431
55.13135,23.55045,22.03511,-46.28424,133.54,14.41,15.532,13.354
55.15769,23.39899,26.81319,-61.31982,184.33,16.622,18.163,15.418
55.16581,21.54752,27.29257,11.17029,166.87,17.216,18.309,15.284
55.16808,25.84659,20.86565,-45.70746,137.81,16.019,17.624,14.792
55.16945,25.08352,24.38134,-16.25228,162.09,16.539,17.95,15.381
55.19301,25.32942,9.77356,-15.56215,172.22,6.093,6.133,5.988
55.20586,21.21523,20.56283,-43.7686,136.33,16.562,18.347,15.283
55.21028,23.41824,21.69712,-45.49787,132.22,10.658,11.022,10.129
55.21373,23.59822,21.13498,-45.75718,132.94,12.452,13.067,11.704
55.22706,22.90695,19.80068,-44.30913,138.92,17.043,18.91,15.755
55.22943,22.34952,20.13982,-44.13542,136.69,15.09,16.442,13.946
55.23154,24.45676,10.96004,-23.79833,184.48,9.616,9.963,9.094
55.23639,22.14069,59.479,8.63833,94.78,13.086,14.01,12.137
55.25079,24.29296,29.22917,-22.2937,198.45,12.587,13.105,11.914
55.25834,24.92245,18.60213,-40.04798,155.68,16.93,18.612,15.68
55.26293,24.02408,-20.01675,-11.31337,173.29,17.126,18.962,15.846
55.26519,23.42103,45.89205,-98.08186,60.56,10.237,10.761,9.562
55.29635,25.21053,94.21478,-87.93117,80.22,15.957,17.524,14.744
55.30457,22.05934,-23.85459,-54.63846,189.75,10.855,11.487,10.085
55.33692,23.71536,-22.92403,-27.11267,64.16,15.343,17.019,14.106
55.34048,26.72205,26.60586,-27.87328,141.72,15.822,17.446,14.586
55.3458,23.48673,21.62667,-45.32435,133.69,9.069,9.29,8.692
55.35562,22.54873,21.13008,-44.50127,136.95,15.304,16.698,14.143
55.36604,23.70814,20.25984,-45.7166,134.23,10.973,11.369,10.408
55.38424,26.91066,57.09397,33.7323,146.19,10.908,11.272,10.373
55.40531,25.14227,20.63305,-46.28896,132.91,16.754,18.57,15.488
55.41199,22.27773,21.00802,-44.60347,133.29,16.556,18.288,15.294
55.41503,23.76288,22.10363,-46.89624,131.89,13.867,14.802,12.916
55.44627,25.00593,21.94049,-45.30678,133.1,17.051,18.911,15.77
55.44759,26.29375,18.80287,-10.57099,146.42,16.353,17.886,15.144
55.47597,25.72961,21.90106,-46.34522,134.83,15.558,17.011,14.379
55.49154,26.07867,28.10292,-28.82734,197.37,16.509,17.874,15.364
55.49449,22.95034,21.19076,-45.75073,133.59,15.616,17.099,14.425
55.49459,23.70714,19.95358,-45.75293,136.47,13.936,14.911,12.961
55.51203,24.2099,20.32296,-45.86447,135.62,15.268,16.65,14.112
55.51384,24.53688,19.1598,-44.29096,138.51,15.252,16.606,14.102
55.51431,25.37741,20.09191,-43.87992,138.78,16.582,18.441,15.272
55.51974,25.88567,21.05761,-46.89673,134.13,12.406,13.023,11.657
55.51978,22.85836,20.95667,-44.68794,134.2,9.057,9.293,8.662
55.56693,26.83979,8.75644,-90.3602,86.91,11.641,12.277,10.88
55.57465,24.11588,20.98819,-45.1958,136.61,17.022,18.848,15.731
55.62267,22.79038,20.44397,-43.61563,138.68,14.22,15.297,13.19
55.64375,22.26565,-11.18844,-40.62824,158.49,16.472,18.248,15.197
55.65118,23.36784,19.55568,-43.92897,134.12,16.141,17.753,14.909
55.65859,25.32276,-23.35495,-9.06262,140.37,14.621,15.718,13.583
55.66769,23.98916,18.05816,-45.48035,135.98,14.815,16.167,13.67
55.67671,23.33897,20.64576,-46.35374,133.72,16.412,16.981,14.133
55.69916,25.55967,27.96796,-29.41512,132.15,16.685,18.584,15.389
55.71538,23.14533,19.9129,-43.60729,136.63,16.831,18.834,15.499
55.72502,22.82796,90.02669,-41.45868,127.96,12.823,13.611,11.959
55.72508,26.13767,19.95717,-46.84907,130.51,16.807,18.606,15.538
55.73576,24.22917,19.9015,-46.99139,132.7,17.095,18.979,15.8
55.73632,25.98049,21.2295,-45.77057,138.76,16.572,17.751,14.697
55.74907,22.42407,21.40739,-44.39027,134.2,13.361,14.181,12.475
55.7559,23.49166,20.33014,-46.80746,133.32,16.997,18.776,15.729
55.76407,26.42299,-48.38698,-18.88213,146.72,16.054,17.451,14.889
55.7975,22.86879,3.99272,-48.96402,144.82,11.051,11.461,10.472
55.79825,25.42286,9.27126,-58.28601,126.67,15.926,17.611,14.673
55.80454,24.65524,20.55122,-43.95459,138.55,14.89,16.195,13.762
55.81564,25.34142,19.05794,-31.42378,131.76,14.783,15.922,13.722
55.81925,23.83358,20.10977,-45.4169,137.6,16.365,18.067,15.103
55.85492,22.89549,20.22244,-46.15961,132.87,16.934,18.762,15.657
55.86027,22.71167,18.26421,-40.39134,151.26,16.081,17.657,14.872
55.86312,25.38739,20.23912,-44.00363,139.4,11.152,11.598,10.534
55.86761,24.8918,20.93308,-45.63443,135.19,15.966,17.541,14.746
55.87167,22.73439,21.90169,-45.30262,132.33,9.766,9.682,8.904
55.89233,25.59039,20.45436,-46.1369,132.85,15.78,17.347,14.566
55.90259,23.45375,20.10448,-44.02245,138.22,13.831,14.763,12.874
55.90391,24.39378,19.55134,-44.49294,135.21,13.637,14.524,12.698
55.90556,25.40879,21.29849,-47.28289,130.92,15.347,16.774,14.175
55.9073,23.53579,19.52725,-45.29241,132.89,10.576,10.927,10.061
55.93027,24.37439,19.47971,-40.04826,134.9,8.198,8.315,7.966
55.9322,24.48753,19.11284,-46.17804,136.52,15.148,16.501,13.996
55.94165,26.38107,-21.19613,-8.89845,190.5,7.014,7.607,6.279
55.95148,25.00419,19.85967,-45.60274,134.49,11.434,11.902,10.794
55.97455,25.47488,19.0023,-45.79053,137.69,15.02,16.342,13.884
55.98213,24.4262,21.38587,-47.73592,131.56,13.767,14.709,12.8
55.98631,25.26208,19.99247,-45.78366,133.7,14.827,16.075,13.722
55.98635,24.99332,21.26895,-45.12455,133.51,15.051,16.383,13.917
55.98757,23.95145,20.85146,-45.58232,135.1,16.285,17.978,15.022
56.00092,24.20072,-26.51195,-89.26897,96.89,11.169,11.664,10.518
56.00959,25.06476,20.52584,-44.50217,133.83,14.706,15.935,13.609
56.01486,24.50404,22.07259,-45.87187,135.37,10.53,10.896,9.992
56.02026,24.27532,20.13368,-45.35638,137.26,11.209,11.65,10.598
56.02134,25.48363,20.77285,-45.66424,134.61,12.185,12.743,11.477
56.04008,24.58937,20.89389,-44.31426,138.23,15.864,17.403,14.655
56.04139,24.26762,21.47226,-43.34423,136.94,15.175,16.548,14.019
56.0449,25.62715,19.59944,-46.1485,136.62,16.462,18.232,15.191
56.05066,23.87689,19.99343,-45.11111,134.7,16.523,18.25,15.258
56.06866,23.61763,22.54143,-47.59498,134.21,15.795,17.486,14.538
56.07758,21.68774,73.95854,-30.69048,92.77,14.788,16.19,13.579
56.07792,21.68712,74.57551,-28.67472,92.46,15.574,17.137,14.295
56.0795,24.58826,19.37629,-45.97904,137.11,16.397,18.075,15.149
56.0838,24.79596,19.89864,-46.56764,133.17,10.473,10.827,9.956
56.08703,23.56093,19.28602,-46.30353,135.63,15.794,17.31,14.587
56.09654,23.91526,-52.3685,-54.43547,135.38,14.967,16.161,13.887
56.09706,24.13238,20.32585,-47.78693,137.91,14.206,14.278,12.884
56.10349,24.76821,20.00965,-45.86505,135.44,14.464,15.626,13.391
56.11209,24.40865,20.19976,-43.41955,139.34,15.012,16.287,13.892
56.14025,25.65532,24.10509,-25.1819,139.71,15.213,16.492,14.101
56.14763,24.00113,21.42384,-45.87309,136.45,13.68,14.572,12.75
56.15126,23.5029,19.26162,-44.18167,138.96,15.381,16.831,14.212
56.16515,24.52875,19.99497,-46.24617,134.73,15.662,17.201,14.454
56.17999,25.87532,19.76577,-45.89512,132.03,11.438,11.893,10.797
56.18321,25.49909,20.32486,-43.83161,139.15,11.862,12.373,11.193
56.18337,24.231,21.46729,-46.4542,133.96,11.193,11.617,10.61
56.19943,24.21445,19.30378,-44.73235,138.39,16.46,18.217,15.197
56.20099,24.28927,19.84914,-44.9656,135.41,5.441,5.42,5.441
56.20917,24.91091,20.08543,-48.02341,133.81,12.986,13.719,12.156
56.21473,25.08777,19.55084,-45.85814,139.75,16.976,18.871,15.692
56.22182,24.01834,20.61676,-44.13114,132.03,17.134,18.838,15.861
56.23508,24.4324,19.69815,-46.13508,135.19,10.275,10.607,9.775
56.2363,23.60638,21.21935,-46.27852,133.33,16.172,17.804,14.935
56.24422,23.92788,21.06581,-45.62514,137.47,16.096,17.717,14.856
56.24575,23.38873,19.88903,-46.94423,132.5,13.375,14.204,12.481
56.2621,25.08865,20.6871,-45.78757,135.27,16.974,18.848,15.676
56.26375,23.83921,20.34332,-45.77203,134.51,11.684,12.16,11.049
56.27225,25.48623,20.48441,-46.50619,136.85,15.065,16.384,13.932
56.28659,24.84195,20.86139,-45.36497,135.54,15.992,17.341,14.728
56.29068,24.83906,20.21814,-46.12398,138.46,5.64,5.6,5.681
56.29128,21.70438,20.88725,-48.14377,125.81,9.852,10.14,9.392
56.29279,24.39216,7.28383,-9.38275,186.11,17.425,18.901,16.151
56.30004,24.58599,20.80939,-44.70207,132.95,13.4,14.217,12.512
56.30069,23.36457,20.34989,-45.8412,135.12,16.115,17.743,14.878
56.30647,25.08756,20.58554,-46.24529,133.24,12.777,13.446,11.982
56.31407,25.28928,20.04008,-45.96864,134.67,11.01,11.435,10.419
56.31517,22.74322,59.38622,-53.1977,150.39,16.406,17.792,15.244
56.3173,24.12099,19.87055,-44.98036,132.8,15.179,16.506,14.033
56.32088,25.26308,19.92573,-43.96283,136.53,14.92,16.426,13.727
56.33327,24.47333,20.58952,-44.03913,136.28,16.52,18.264,15.224
56.34254,23.47151,20.22389,-44.65018,136.85,12.191,12.772,11.465
56.35063,24.88578,20.5434,-45.56968,135.42,9.57,9.832,9.148
56.36073,22.52541,19.91612,-44.25447,136.42,16.099,17.661,14.874
56.37145,26.12954,-61.41646,-39.65978,139.67,16.695,18.358,15.463
56.37603,24.31244,18.94632,-47.25045,136.26,14.607,15.81,13.522
56.38029,25.77576,30.00473,-56.67088,193.81,15.967,17.238,14.857
56.38734,24.30303,20.25642,-45.16539,132.93,12.989,13.737,12.145
56.39369,24.46311,18.45262,-46.10129,136.02,8.55,8.727,8.229
56.4031,24.65168,21.41772,-46.24268,138.87,15.302,16.966,14.06
56.40823,24.33414,20.36949,-46.55378,136.41,15.446,15.308,13.829
56.41634,22.69427,19.83037,-44.15815,137.14,7.8,7.878,7.627
56.43374,24.07392,19.95484,-43.35274,136.5,13.691,14.591,12.761
56.43516,24.22011,20.57486,-47.20037,132.22,10.393,10.767,9.846
56.45053,23.03456,44.33974,-32.25284,107.54,13.479,14.398,12.527
56.4535,23.14694,20.51391,-45.69976,134.75,6.895,6.893,6.868
56.45402,23.85269,21.18743,-45.39186,134.03,13.567,14.431,12.651
56.45578,23.14287,21.00483,-45.22986,131.22,16.653,18.233,15.376
56.46044,23.87375,19.87529,-44.65218,138.65,13.134,13.933,12.256
56.46272,23.62128,20.37416,-44.81977,138.43,16.997,18.303,15.578
56.46286,24.81336,-16.59192,-32.12089,136.01,16.998,18.531,15.808
56.46771,21.48672,-3.27761,-33.5186,178.04,16.175,17.727,14.963
56.47416,24.46891,23.98688,-48.64428,93.42,14.15,15.476,13.009
56.47708,24.55431,20.3314,-46.02205,136.89,5.752,5.729,5.752
56.47976,24.5546,19.5332,-45.5509,135.96,13.833,14.598,12.833
56.48845,22.54251,-30.58988,-35.02435,117.96,15.685,17.235,14.478
56.5097,21.63366,8.28847,-0.56273,139.11,15.303,16.48,14.229
56.5116,23.73718,19.49571,-44.25713,134.67,12.134,12.949,11.236
56.51218,24.5277,19.5823,-44.87758,134.71,6.425,6.409,6.426
56.51448,24.34902,18.42013,-41.82671,148.42,16.562,18.257,15.307
56.51536,25.87452,20.88224,-49.32035,125.71,16.647,18.405,15.376
56.51601,25.4528,22.57189,-44.96016,136.64,13.811,14.734,12.862
56.52196,22.98142,20.51428,-47.91049,131.54,13.414,14.27,12.502
56.52329,23.75706,20.57697,-44.18332,136.81,14.375,15.703,13.256
56.53055,25.01917,2.36018,-48.98627,179.87,13.416,14.146,12.588
56.53634,24.67572,20.87319,-45.69153,135.62,16.681,18.399,15.403
56.53969,26.13865,20.08965,-45.74989,133.59,11.516,12.08,10.808
56.54458,23.14623,-32.70545,-12.67381,184.12,17.146,18.661,15.955
56.54908,24.62212,21.19522,-44.69592,132.45,11.406,11.852,10.798
56.55372,24.05417,22.0678,-46.12809,136.38,13.604,14.483,12.672
56.5578,22.70531,19.32338,-46.23262,134.29,16.554,18.437,15.259
56.56678,24.18973,19.60555,-43.75937,135.15,8.229,8.105,7.661
56.57036,24.44091,38.02541,-5.35641,147.56,16.485,17.915,15.302
56.57273,22.95927,19.27059,-16.12521,106.14,12.379,13.101,11.558
56.57483,24.6858,20.78257,-44.52782,135.62,15.306,16.693,14.148
56.59787,24.03075,19.22712,-44.20903,135.63,16.894,18.677,15.604
56.60274,24.4794,20.30772,-45.75159,136.6,16.471,18.11,15.217
56.61376,24.2548,20.45035,-44.64675,136.13,7.353,7.391,7.257
56.61582,23.59251,18.42757,-44.85548,136.04,12.564,13.306,11.722
56.63405,23.98273,43.61428,-58.19705,144.25,12.771,13.702,11.807
56.63706,23.30513,20.53925,-45.04483,134.53,14.019,15.028,13.016
56.64508,22.93528,19.4508,-45.27898,137.73,14.012,14.999,13.023
56.64973,23.96683,19.29309,-44.06839,138.27,13.736,14.643,12.79
56.6571,23.78751,20.01127,-47.26742,133.84,10.045,10.414,9.513
56.66166,24.95944,20.61031,-46.95446,135.01,10.108,10.425,9.622
56.66214,24.52011,20.23977,-46.0462,134.91,12.869,13.571,12.058
56.66778,23.49754,16.02289,-46.94145,135.85,11.962,12.597,11.178
56.68172,23.99494,20.50214,-45.33556,137.24,15.068,16.34,13.954
56.69081,25.45825,20.64891,-46.51162,134.72,15.653,17.155,14.454
56.69277,23.17008,-16.64846,-21.06256,196.39,17.408,18.857,16.236
56.69618,22.91438,18.7582,-45.0017,139.12,10.343,10.673,9.844
56.70512,24.59983,19.35216,-44.34839,135.38,14.311,15.418,13.27
56.70622,24.80778,-12.72321,-5.33546,136.14,16.805,18.3,15.609
56.70852,24.49586,20.35131,-23.50134,142.14,15.97,17.348,14.822
56.71927,23.64514,19.34147,-45.10348,137.67,16.497,18.413,15.179
56.72202,22.88075,18.98256,-41.6005,146.69,11.554,12.002,10.946
56.72345,24.28729,19.24908,-47.50404,135.71,14.973,16.493,13.772
56.72892,24.79613,19.30065,-46.34158,135.01,10.408,10.741,9.907
56.73783,21.91665,-10.57402,-71.3019,92.78,14.89,16.247,13.749
56.74398,24.46092,19.3016,-46.1394,133.92,16.011,17.626,14.773
56.74759,24.51991,22.27185,-47.5214,137.53,6.803,6.802,6.767
56.75128,24.47341,19.24125,-44.78725,133.01,16.985,18.276,15.151
56.75424,24.98247,17.91179,-38.40059,162.82,16.414,18.243,15.125
56.75601,23.49474,19.07189,-45.02344,135.38,11.274,11.697,10.691
56.76502,24.15949,19.33333,-44.72484,137.42,13.826,14.762,12.867
56.76583,23.61611,20.78005,-44.24209,138.71,14.265,15.604,13.129
56.76766,23.99501,21.32317,-45.43698,135.1,8.332,8.471,8.06
56.77665,22.33124,-1.94317,-15.28671,141.34,14.878,16,13.83
56.78069,23.22616,19.29519,-45.43851,136.81,13.143,13.889,12.292
56.78836,24.05198,19.44326,-43.83037,136.93,15.381,16.784,14.206
56.7911,23.78255,-15.22773,6.57566,156.78,9.345,9.575,8.863
56.79199,24.27645,19.95946,-44.49804,135.92,9.377,9.618,8.973
56.79571,25.086,63.70585,-46.33156,116.3,15.793,17.224,14.621
56.80648,23.71409,19.73051,-45.60887,134.81,12.216,12.771,11.51
56.80702,23.83129,20.66187,-45.95187,135.31,14.748,16.206,13.568
56.82562,24.23078,18.02322,-46.54777,132.82,17.031,18.529,15.19
56.8307,24.13892,19.01707,-43.92757,137.56,8.244,8.362,8.008
56.83688,25.08657,18.65865,-45.97709,137.81,14.673,15.892,13.578
56.83709,25.52564,19.30359,-45.56853,134.29,9.696,9.988,9.235
56.83746,23.80314,19.09568,-45.51979,136.74,6.998,7.003,6.96
56.83776,24.11607,20.34416,-45.07644,138.89,6.299,6.292,6.283
56.84109,25.89774,20.30233,-45.19012,139.43,14.386,15.504,13.334
56.84148,26.37967,20.67923,-46.72476,132.7,16.477,18.169,15.226
56.84947,23.149,19.44532,-45.54033,136.11,15.89,17.493,14.665
56.8547,24.25462,21.08717,-46.02759,132.46,17.057,18.838,15.783
56.85568,24.04895,18.3618,-45.82811,135.48,15.39,16.735,14.238
56.85797,25.44057,20.0622,-45.20469,138.21,16.655,18.664,15.329
56.8616,23.63388,19.56219,-43.40546,138.83,16.336,18.171,15.043
56.86189,23.67813,21.72388,-45.70969,133.82,7.747,7.812,7.595
56.86723,23.44802,20.03342,-44.3604,139.06,15.723,17.262,14.518
56.86843,26.53476,20.17063,-46.31158,135.64,16.338,18.019,15.084
56.86852,24.6757,19.22354,-47.19616,135.64,16.739,18.452,15.49
56.8724,24.11411,20.93603,-44.53787,136.78,16.843,17.596,15.508
56.87281,24.28813,18.55102,-46.9218,138.31,6.816,6.842,6.74
56.8767,23.95507,93.07522,11.16525,147.77,12.678,13.238,11.968
56.8842,23.30633,20.729,-45.43159,136.24,16.412,18.063,15.171
56.89041,24.684,19.58248,-46.27141,134.73,12.54,13.176,11.774
56.89245,25.71816,20.19879,-46.51248,130.32,16.268,17.919,15.033
56.90428,23.60885,56.30685,-59.33104,192.18,7.406,8.046,6.635
56.90697,24.40625,20.06757,-47.76913,136.19,16.923,18.858,15.617
56.91406,24.45873,19.09158,-45.39827,139.28,16.133,17.846,14.878
56.92144,21.35125,-7.98854,-19.62154,156.98,12.63,13.225,11.897
56.92276,23.97173,20.52466,-45.0322,135.73,13.007,13.721,12.173
56.93198,26.80348,15.61698,-33.67326,184.83,16.636,18.42,15.354
56.93624,22.39796,21.05706,-46.67305,132.42,16.656,18.509,15.369
56.94338,24.05048,20.17273,-46.51395,132.35,14.753,15.965,13.656
56.95059,23.21788,20.05366,-45.84754,134.93,10.946,11.336,10.391
56.96236,24.50502,18.64002,-45.03503,135.95,15.016,16.327,13.887
56.96895,23.94102,19.6846,-46.39381,135.57,9.761,10.036,9.328
56.97037,22.9926,17.45843,-44.84198,139.44,16.177,18.02,14.9
57.0025,23.63158,-40.40868,-49.72384,197.62,16.945,18.504,15.765
57.00713,26.37693,19.46946,-25.35019,183.16,16.756,18.286,15.562
57.01482,22.5102,37.66938,-13.37957,145.3,16.87,18.447,15.646
57.02389,22.63578,19.48222,-45.44551,137.59,16.373,18.101,15.113
57.02435,23.03395,19.29311,-44.99777,136.81,15.134,16.501,13.985
57.02677,24.11421,20.11225,-46.8538,138.55,16.74,18.457,15.468
57.02772,24.00172,19.08037,-44.48205,139.09,16.502,18.197,15.24
57.02858,21.14307,-12.5509,-33.34094,153.04,14.998,16.17,13.922
57.03845,23.97779,18.5019,-46.78461,137.57,16.514,18.152,15.275
57.04583,23.50681,19.70712,-44.53956,136.63,13.712,14.6,12.783
57.05197,26.5836,20.98398,-46.56512,131.88,13.179,13.949,12.313
57.07039,25.21492,18.11105,-45.72447,135.89,9.118,9.297,8.638
57.07052,23.63658,18.29152,-44.75731,139,9.992,10.279,9.539
57.0714,23.89015,17.88604,-45.49538,137.19,10.246,10.56,9.763
57.07348,22.06681,20.28402,-45.30199,131.61,16.483,18.197,15.235
57.07381,25.04764,19.51668,-47.05733,133.35,10.745,11.122,10.203
57.08466,24.91506,20.4813,-44.4491,133.84,16.178,17.279,14.305
57.08683,23.42104,19.69502,-47.11298,130.02,5.428,5.394,5.461
57.09465,23.46175,20.58611,-45.14238,133.17,16.847,18.707,15.553
57.09512,24.81469,20.02593,-47.51494,134.14,15.762,17.255,14.567
57.10859,25.24449,19.74798,-48.32005,133.15,14.486,15.638,13.414
57.10912,24.04818,19.67345,-46.2582,134.79,9.903,10.187,9.453
57.12405,23.96813,19.51302,-44.30201,138.02,17.047,18.866,15.773
57.12901,21.8038,91.08328,-48.51842,117.7,16.055,17.53,14.863
57.15692,22.76911,19.03158,-44.59103,138.27,13.846,14.764,12.828
57.1836,25.10608,18.27763,-45.99954,136.3,16.598,18.312,15.348
57.18419,23.26047,17.13655,-42.40675,133.84,17.389,16.317,15.401
57.18937,23.33871,18.98277,-45.76427,134.27,12.883,13.58,12.075
57.1918,24.16998,19.0457,-45.24693,137.62,16.581,18.256,15.331
57.20261,26.3118,-23.56334,-21.89097,136.8,16.898,18.529,15.666
57.23014,22.84495,10.75259,-28.55311,154.35,16.992,18.789,15.749
57.24295,23.09402,20.627,-46.77768,135.33,15.262,16.628,14.111
57.24571,25.10378,4.31784,-47.58784,153.36,13.38,14.183,12.505
57.25429,22.98021,19.78262,-45.89295,133.7,14.506,15.657,13.44
57.25625,23.08574,6.23524,-19.02081,178.75,16.54,18.11,15.331
57.25982,23.25224,19.731,-44.4282,137.61,11.473,11.915,10.867
57.27476,23.10592,18.89321,-46.58329,134.58,16.075,17.678,14.841
57.277,26.07734,-11.77307,-91.36284,54.3,14.297,15.814,13.098
57.28386,25.48168,-11.13304,-60.07808,162.08,13.427,14.208,12.566
57.29683,24.1365,19.49605,-47.6499,138.1,5.203,5.185,5.218
57.29765,24.24001,19.35533,-45.80423,139.17,16.851,18.581,15.577
57.30049,23.40843,-25.76529,24.17885,195.1,9.358,9.609,8.945
57.30088,23.88659,19.62073,-45.17324,134.81,8.102,8.199,7.902
57.32009,24.01608,21.34909,-45.86314,131.92,16.843,18.255,15.153
57.32542,25.56522,53.27885,-4.83854,190.02,16.274,17.557,15.146
57.34072,24.38075,18.56677,-45.34757,139.09,6.605,6.582,6.615
57.34144,24.91187,20.53574,-45.84534,135.18,16.7,18.416,15.443
57.3571,23.8085,15.47081,-23.31351,103.39,11.316,11.824,10.654
57.36105,22.84835,19.03736,-45.87917,133.87,16.388,18.013,15.145
57.36501,24.40364,19.23342,-44.35962,135.07,16.673,18.446,15.397
57.36986,23.71198,19.93579,-47.4487,131.78,11.177,11.592,10.594
57.38564,23.9283,18.37845,-45.35226,132.83,16.305,17.967,15.061
57.3858,23.41124,20.36122,-45.12416,133.54,16.383,18.209,15.095
57.38645,23.3802,20.34647,-44.30135,138.29,9.035,9.252,8.664
57.38677,25.79621,19.71023,-46.36218,135.67,16.545,18.222,15.296
57.38809,23.7952,19.9237,-43.75212,137.67,10.747,11.107,10.22
57.40917,22.53329,18.21837,-44.56882,137.06,7.004,7.007,6.965
57.41282,21.73936,4.09262,-14.74187,182.8,16.648,18.25,15.418
57.4206,23.34137,18.73308,-45.1335,136.69,8.094,8.184,7.911
57.42625,24.4628,18.67616,-46.77229,132.49,11.9,12.41,11.228
57.42804,24.31857,20.44679,-47.83977,133.87,16.043,17.808,14.758
57.43147,23.71165,17.8685,-45.57244,134,6.159,6.129,6.179
57.4519,22.17997,18.39353,-42.29559,143.42,15.773,17.268,14.575
57.45992,23.70539,19.58671,-44.02362,138.72,11.353,11.779,10.759
57.46593,21.30713,19.91534,-44.12993,138.58,14.509,15.859,13.36
57.47052,21.66353,63.30538,-26.36435,121.2,15.361,16.59,14.254
57.47057,25.64725,18.62331,-45.93795,138.01,9.434,9.706,8.994
57.48126,24.10123,18.95984,-43.54104,136.89,16.615,18.335,15.351
57.48251,24.7419,20.01172,-45.62802,132.78,15.174,16.564,14.013
57.48591,24.34879,19.50537,-44.5996,136.69,7.546,7.566,7.476
57.49199,23.84849,18.37784,-45.87033,135.34,6.806,6.812,6.756
57.49315,23.70921,17.40352,-44.87475,137.51,15.16,16.501,14.014
57.52103,24.84991,8.6893,-8.51526,153.68,15.973,17.802,14.685
57.52683,26.97175,19.55151,-45.63641,133.88,16.918,18.703,15.639
57.53694,23.64494,-16.15548,-44.24575,190.83,17.089,18.464,15.933
57.54083,26.71028,10.69833,-6.1769,179.2,16.106,17.411,14.944
57.54495,24.47803,18.48687,-45.28981,135.12,16.926,18.804,15.633
57.5493,24.296,-10.17794,-15.29052,170.82,12.945,13.561,12.199
57.55195,23.92647,20.69247,-45.65711,134.1,16.259,18.161,14.948
57.57598,24.58747,19.59404,-46.28803,132.52,16.821,18.566,15.562
57.61046,21.88351,38.2113,-25.57161,132.17,13.988,15.165,12.908
57.61403,23.37901,19.83778,-44.8542,138.33,16.542,18.274,15.271
57.63319,22.14638,18.114,-41.36258,143.95,15.981,17.555,14.757
57.63791,24.33921,19.40941,-46.91156,131.16,16.401,18.048,15.161
57.66223,23.21723,18.26491,-45.37655,136.96,15.392,16.795,14.227
57.66706,23.93284,18.70636,-44.35811,137.9,10.162,10.469,9.688
57.67689,24.21524,19.76107,-44.7895,136.34,17.169,18.959,15.898
57.6783,24.63861,10.5754,-18.14844,159.93,16.473,18.029,15.252
57.68573,22.04269,-14.35931,-13.50744,177.07,12.425,12.968,11.733
57.68883,22.05127,50.23163,-32.83012,115.7,16.203,17.753,14.995
57.68912,25.10281,12.99965,-33.25056,191.71,16.726,18.416,15.474
57.71444,23.32887,18.88836,-46.33222,136.35,12.194,12.754,11.491
57.72447,22.54787,17.87339,-45.12252,137.63,12.365,12.959,11.628
57.72977,23.2223,51.69201,-31.46865,186.9,16.647,18.016,15.489
57.74244,23.92836,18.4313,-43.3139,138.65,16.709,18.454,15.451
57.7545,26.67622,13.36153,87.97263,85.48,14.675,15.918,13.571
57.76639,22.40454,19.34209,-45.99645,134.51,13.86,14.819,12.887
57.7756,22.63338,20.88252,-45.90535,133.33,17.126,18.968,15.824
57.81719,25.53791,6.63621,-18.47779,189.28,14.98,16.087,13.938
57.81933,21.05953,19.47869,-44.72892,137.21,16.346,18.021,15.09
57.82594,22.06845,39.06579,-24.7396,166.38,15.936,17.458,14.735
57.82804,26.05415,18.95465,-46.07317,137.47,16.9,18.702,15.61
57.84233,25.16593,19.5989,-45.43409,138.74,13.613,14.502,12.684
57.84955,22.11318,18.72094,-44.617,137.11,12.724,13.393,11.94
57.84964,25.0978,19.06011,-44.90508,137.24,15.382,16.772,14.223
57.85075,26.053,18.73451,-46.2374,132.47,15.41,16.849,14.224
57.85334,25.83771,11.90324,-12.76043,157.69,16.813,18.521,15.56
57.86349,24.51845,19.74663,-45.45129,137.9,8.77,8.963,8.428
57.88545,26.20106,-38.60366,-36.86137,107.99,16.814,18.475,15.562
57.89077,21.53743,-13.38084,-18.75741,174.95,16.4,17.764,15.248
57.89174,24.56899,20.34257,-46.71852,134.75,16.468,18.198,15.213
57.91303,24.59126,19.75572,-44.26557,136.02,16.572,18.297,15.311
57.92638,24.36131,19.79467,-44.48817,136.3,16.631,18.309,15.39
57.94771,25.20176,42.51165,-21.51574,189.82,11.734,12.108,11.188
57.95117,26.40463,-11.51113,-15.49485,198.04,16.951,18.477,15.758
57.956,24.46745,44.0581,-23.63072,137.86,16.672,18.2,15.349
57.95776,26.38488,-33.32021,-50.78274,176.2,17.161,18.835,15.931
57.96087,22.89551,18.24091,-44.87318,136.7,15.906,17.474,14.685
57.96493,21.82121,20.68426,-45.11609,132.96,16.289,17.978,15.031
57.96633,21.82256,20.38633,-45.64282,133.98,15.841,17.418,14.622
57.9758,25.07209,0.58415,-3.89551,171.64,16.911,18.448,15.708
57.97944,23.96154,18.94046,-46.25269,132.93,16.595,18.304,15.33
57.98703,23.90175,20.56903,-45.93443,132.18,9.927,10.219,9.467
57.98901,23.33922,20.84431,-46.4849,133.61,12.713,13.388,11.923
57.98934,25.99867,19.17438,-46.70415,136.3,7.649,7.709,7.506
57.98975,25.80851,20.46862,-48.88478,126.48,16.227,17.926,14.972
57.99723,24.66618,17.57752,-44.62504,137.84,15.811,17.354,14.602
58.009,22.49481,40.34859,-6.61556,169.06,10.885,11.257,10.343
58.01104,25.104,18.40174,-45.28474,134.96,16.869,18.824,15.609
58.015,25.02031,19.58736,-46.49312,136.07,16.957,18.765,15.677
58.03385,22.56207,3.78477,-22.76069,183.3,16.624,18.102,15.431
58.05557,26.14344,18.75034,-46.15503,135.86,15.565,17.046,14.372
58.07318,24.45533,19.24845,-45.3821,134.98,16.536,18.235,15.23
58.08615,24.5653,18.50104,-44.61576,139.27,14.51,15.654,13.442
58.09215,22.2257,31.7324,-16.1995,149.69,15.467,16.826,14.318
58.10252,21.50611,19.8529,-44.94201,134.78,15.2,16.627,14.028
58.1149,26.72036,65.86975,-15.70122,183.49,16.303,17.67,15.15
58.14217,24.21144,86.28557,-47.26577,181.69,15.133,16.125,14.139
58.1707,21.83992,11.4683,-34.08876,186.34,16.582,18.169,15.356
58.18023,24.46611,18.08639,-44.69094,136.43,16.82,18.598,15.555
58.18906,25.27966,19.49497,-45.06547,138.43,13.248,14.024,12.384
58.21556,22.5256,18.99841,-46.56403,134.84,15.773,17.342,14.551
58.24098,22.86578,-11.69478,-85.80213,81.07,16.434,18.153,15.172
58.24652,24.90134,20.66896,-45.2484,137.08,13.737,14.645,12.791
58.25685,22.9799,18.6791,-45.22835,134.76,16.564,18.348,15.292
58.26897,22.80115,19.0367,-45.56095,137.11,13.101,13.85,12.251
58.29067,25.3,7.69138,-36.5449,167.56,13.128,13.872,12.292
58.29241,23.05279,19.73655,-46.53611,136.25,15.396,16.809,14.223
58.29362,21.75483,-15.75513,17.14824,139.76,11.405,11.865,10.783
58.35056,23.7994,20.12537,-44.9148,136.76,16.479,18.201,15.219
58.3983,23.68476,-37.89837,17.79626,168.88,13.747,14.491,12.909
58.45919,26.91344,-3.24913,-11.07181,163.21,16.936,18.561,15.704
58.48498,26.26314,59.0048,-26.4673,159.71,15.971,17.253,14.849
58.49222,24.98018,43.48546,-7.23996,186.22,17.06,18.528,15.866
58.50898,22.77695,-15.1105,-3.28749,152.97,16.701,18.404,15.447
58.54314,22.17024,11.96857,-67.06227,95.87,15.87,17.472,14.641
58.54795,25.31173,19.45662,-45.61156,134.38,16.778,18.585,15.498
58.55429,23.34727,19.43313,-46.78892,131.7,15.46,16.897,14.28
58.55727,23.15793,-26.07178,-66.55422,174.65,17.129,18.579,15.937
58.5617,25.05048,59.14985,-13.18305,133.29,12.862,13.63,12.011
58.57493,26.35177,7.49213,-7.86732,173.16,14.307,15.524,13.21
58.59004,24.07549,19.32827,-45.6525,135.33,9.597,9.863,9.167
58.59373,23.63651,18.36911,-45.97983,135.04,16.473,18.187,15.216
58.61606,21.38954,19.08639,-47.24298,133.52,10.766,11.139,10.224
58.63668,23.49231,6.29543,29.25442,194.26,16.442,17.857,15.281
58.69535,26.65222,13.22428,-77.78259,152.58,17.023,18.517,15.83
58.71911,24.57605,18.67246,-43.91358,138.73,12.604,13.404,11.73
58.79678,23.75675,-23.55388,-10.84792,188.3,12.679,13.219,11.991
58.85348,22.48276,-7.51211,-89.58864,106.07,15.93,15.855,16.093
58.86702,25.70234,54.91356,-41.24654,132.91,12.012,12.555,11.321
58.87095,23.77224,17.75908,-44.95247,137.91,13.494,14.33,12.595
58.874,21.97924,47.5138,-44.30672,105.15,16.117,17.589,14.932
58.88722,24.70301,-11.50614,-6.60712,162.97,15.512,16.754,14.406
58.95157,24.02566,36.26441,-3.78893,171.38,17.141,18.662,15.86
58.98356,23.56706,19.13786,-46.08278,133.56,12.259,12.839,11.536
58.98999,25.24279,-27.20663,-72.69643,163.01,15.421,16.635,14.328
58.99241,24.54977,19.59854,-47.05186,133.3,15.776,16.958,14.446
58.99338,26.44281,-6.08288,-15.79845,191.28,17.27,18.835,16.056
58.99978,26.99977,19.04256,-45.36235,133.49,16.923,18.723,15.652
59.03595,26.77675,-17.07306,-3.03397,168.88,17.236,18.984,15.98
59.04296,22.09829,-22.42278,-16.52386,156.68,16.09,17.581,14.896
59.04336,23.0398,19.15025,-44.76231,135.11,15.267,16.608,14.125
59.09303,21.12119,19.28767,-46.82267,132.52,15.829,17.407,14.609
59.09798,24.83222,17.88486,-43.8423,139.57,13.447,14.267,12.555
59.10418,23.09059,19.73361,-46.2698,134.73,14.358,15.443,13.326
59.10811,24.28079,18.27144,-45.33993,139.18,14.184,15.222,13.17
59.11727,23.15007,18.51543,-45.74471,135.79,8.301,8.426,8.057
59.13866,25.40758,-42.64935,-36.49336,187.94,15.929,17.215,14.808
59.15275,22.47245,72.83515,-45.35225,134.31,13.215,14.033,12.327
59.1645,24.06637,54.73292,-21.7798,177.72,13.722,14.487,12.871
59.18331,24.08567,83.20119,-48.29414,156.46,13.893,14.828,12.934
59.20752,21.84341,5.00291,-40.67091,175.35,11.725,12.174,11.112
59.21519,26.80723,18.48534,-45.38693,137.05,16.363,18,15.102
59.24009,26.50756,-18.51327,-17.73887,188.22,8.366,8.657,7.876
59.27271,24.19987,14.08717,-9.53585,198.22,9.816,10.078,9.392
59.33589,24.53512,-1.13676,-39.11329,187.3,15.982,17.336,14.83
59.38888,24.05299,18.76077,-45.31268,137.28,11.822,12.31,11.175
59.39702,22.98542,18.61231,-45.57924,134.57,15.454,16.93,14.259
59.40038,23.93101,17.88414,-44.06644,139.38,14.006,14.996,13.015
59.40563,22.16531,0.56396,-15.93969,178.35,16.333,17.786,15.156
59.41715,22.18226,3.82812,-49.01492,186.16,14.819,15.942,13.768
59.46656,26.47406,13.05789,-7.0375,190.55,16.289,17.478,15.211
59.48948,21.83412,-11.70859,-6.76397,185.24,17.367,17.978,15.861
59.50853,26.98177,-11.77508,0.16259,177.9,10.56,10.888,10.061
59.57904,21.68987,16.72718,-30.82266,186.87,15.831,17.277,14.651
59.60031,25.85674,47.30586,-53.36257,180.33,16.632,18.198,15.41
59.60727,21.30167,-34.39051,-32.78085,162.84,17.395,18.993,16.19
59.6182,26.21536,25.80138,-40.27714,184.46,16.058,17.222,14.989
59.65331,22.16234,-14.49074,-17.72865,127.07,15.356,16.642,14.232
59.67482,24.16475,29.77011,-9.09769,182.16,15.484,16.735,14.376
59.69113,25.68511,42.31815,-29.25036,118.93,13.615,14.609,12.625
59.72244,25.09815,66.31398,-60.62666,136.51,17.087,18.85,15.821
59.7352,24.3088,19.86911,-46.53,132.22,16.357,17.988,15.006
59.74419,26.4548,-14.12364,-14.53585,143.35,13.82,14.742,12.873
59.76355,26.84952,-17.24373,-73.9802,98.85,12.84,13.696,11.931
59.7643,23.62811,-5.35762,1.88203,188.42,7.071,7.604,6.382
59.77636,25.0554,18.17344,-47.2727,132.09,15.347,16.878,14.147
59.78587,25.459,-23.90157,-15.08696,125.58,14.293,15.325,13.285
59.7971,25.94699,1.27323,-14.33244,188.36,14.297,15.288,13.311
59.79724,23.96858,-34.3692,-82.47401,56.14,17.792,18.022,17.427
59.83824,24.38012,53.1043,-4.50851,136.47,10.504,10.922,9.921
59.84548,22.57117,17.95258,-45.4821,134.04,13.755,14.696,12.791
59.86478,23.12359,19.56575,-44.96977,135.2,12.829,13.534,12.004
59.86563,21.87868,1.24053,-39.01957,160.43,16.92,18.591,15.666
59.94556,23.82076,11.16523,-35.21804,193.84,17.068,18.448,15.294
59.99585,22.7367,3.47284,-64.28512,117.9,15.717,17.256,14.509